[
    {
        "tHeading": [
            "Name",
            "Location",
            "Number",
            "Transaction ID",
            "Amount",
            "Member Type",
            "Payment Method",
            "Actions"
        ]
    },
    {
        "tBody": [
            {
                "tr": [
                    {
                        "th": "Name",
                        "td": "Musiur Alam Opu"
                    },
                    {
                        "th": "Location",
                        "td": "Dhaka"
                    },
                    {
                        "th": "Number",
                        "td": "01234567890"
                    },
                    {
                        "th": "Transaction ID",
                        "td": "154n2b34h5243"
                    },
                    {
                        "th": "Amount",
                        "td": "100"
                    },
                    {
                        "th": "Member Type",
                        "td": "Bronze"
                    },
                    {
                        "th": "Payment Method",
                        "td": "bKash"
                    }
                ]
            },
            {
                "tr": [
                    {
                        "th": "Name",
                        "td": "Shamsul Haque"
                    },
                    {
                        "th": "Location",
                        "td": "Chittagong"
                    },
                    {
                        "th": "Number",
                        "td": "35114523452"
                    },
                    {
                        "th": "Transaction ID",
                        "td": "asfa8798adfa"
                    },
                    {
                        "th": "Amount",
                        "td": "1500"
                    },
                    {
                        "th": "Member Type",
                        "td": "Dimond"
                    },
                    {
                        "th": "Payment Method",
                        "td": "Nagad"
                    }
                ]
            },
            {
                "tr": [
                    {
                        "th": "Name",
                        "td": "Jamil Hossain"
                    },
                    {
                        "th": "Location",
                        "td": "Sylhet"
                    },
                    {
                        "th": "Number",
                        "td": "24313413411"
                    },
                    {
                        "th": "Transaction ID",
                        "td": "daf7868a7df"
                    },
                    {
                        "th": "Amount",
                        "td": "500"
                    },
                    {
                        "th": "Member Type",
                        "td": "Gold"
                    },
                    {
                        "th": "Payment Method",
                        "td": "Rocket"
                    }
                ]
            },
            {
                "tr": [
                    {
                        "th": "Name",
                        "td": "Samiul Hossain"
                    },
                    {
                        "th": "Location",
                        "td": "Sylhet"
                    },
                    {
                        "th": "Number",
                        "td": "24313413411"
                    },
                    {
                        "th": "Transaction ID",
                        "td": "daf7868a7df"
                    },
                    {
                        "th": "Amount",
                        "td": "200"
                    },
                    {
                        "th": "Member Type",
                        "td": "Silver"
                    },
                    {
                        "th": "Payment Method",
                        "td": "Rocket"
                    }
                ]
            }
        ]
    }
]